﻿Year,Locationabbr,Locationdesc,Class,Topic,Question,Response,Break_Out,Break_Out_Category,Sample_Size,Data_value,Confidence_limit_Low,Confidence_limit_High,Display_order,Data_value_unit,Data_value_type,Data_Value_Footnote_Symbol,Data_Value_Footnote,DataSource,ClassId,TopicId,LocationID,BreakoutID,BreakOutCategoryID,QuestionID,ResponseID,GeoLocation
2014,AL,Alabama,Alcohol Consumption,Alcohol Consumption,Adults who have had at least one drink of alcohol within the past 30 days,Yes,Overall,Overall,"2,887",40.1,38.5,41.6,"2,907",%,Crude Prevalence,,,BRFSS,CLASS01,Topic03,01,BO1,CAT1,DRNKANY5,RESP046,"(32.84057112200048, -86.63186076199969)"
2014,AK,Alaska,Alcohol Consumption,Alcohol Consumption,Adults who have had at least one drink of alcohol within the past 30 days,Yes,Overall,Overall,"2,385",56.7,54.6,58.8,"2,901",%,Crude Prevalence,,,BRFSS,CLASS01,Topic03,02,BO1,CAT1,DRNKANY5,RESP046,"(64.84507995700051, -147.72205903599973)"
2014,AZ,Arizona,Alcohol Consumption,Alcohol Consumption,Adults who have had at least one drink of alcohol within the past 30 days,Yes,Overall,Overall,"7,093",51.7,50.3,53.1,"2,915",%,Crude Prevalence,,,BRFSS,CLASS01,Topic03,04,BO1,CAT1,DRNKANY5,RESP046,"(34.865970280000454, -111.76381127699972)"
2014,AR,Arkansas,Alcohol Consumption,Alcohol Consumption,Adults who have had at least one drink of alcohol within the past 30 days,Yes,Overall,Overall,"1,645",39.9,37.7,42,"2,905",%,Crude Prevalence,,,BRFSS,CLASS01,Topic03,05,BO1,CAT1,DRNKANY5,RESP046,"(34.74865012400045, -92.27449074299966)"
2014,CA,California,Alcohol Consumption,Alcohol Consumption,Adults who have had at least one drink of alcohol within the past 30 days,Yes,Overall,Overall,"4,206",53.6,52.1,55.1,"2,914",%,Crude Prevalence,,,BRFSS,CLASS01,Topic03,06,BO1,CAT1,DRNKANY5,RESP046,"(37.63864012300047, -120.99999953799971)"
2014,CO,Colorado,Alcohol Consumption,Alcohol Consumption,Adults who have had at least one drink of alcohol within the past 30 days,Yes,Overall,Overall,"7,260",61.2,60.1,62.4,"2,912",%,Crude Prevalence,,,BRFSS,CLASS01,Topic03,08,BO1,CAT1,DRNKANY5,RESP046,"(38.843840757000464, -106.13361092099967)"
2014,CT,Connecticut,Alcohol Consumption,Alcohol Consumption,Adults who have had at least one drink of alcohol within the past 30 days,Yes,Overall,Overall,"4,618",60.8,59.2,62.4,"2,899",%,Crude Prevalence,,,BRFSS,CLASS01,Topic03,09,BO1,CAT1,DRNKANY5,RESP046,"(41.56266102000046, -72.64984095199964)"
2014,DE,Delaware,Alcohol Consumption,Alcohol Consumption,Adults who have had at least one drink of alcohol within the past 30 days,Yes,Overall,Overall,"2,068",52.9,50.7,55.1,"2,903",%,Crude Prevalence,,,BRFSS,CLASS01,Topic03,10,BO1,CAT1,DRNKANY5,RESP046,"(39.008830667000495, -75.57774116799965)"
2014,DC,District of Columbia,Alcohol Consumption,Alcohol Consumption,Adults who have had at least one drink of alcohol within the past 30 days,Yes,Overall,Overall,"2,343",67.4,64.9,69.8,"2,888",%,Crude Prevalence,,,BRFSS,CLASS01,Topic03,11,BO1,CAT1,DRNKANY5,RESP046,"(38.89037138500049, -77.03196112699965)"
2014,FL,Florida,Alcohol Consumption,Alcohol Consumption,Adults who have had at least one drink of alcohol within the past 30 days,Yes,Overall,Overall,"4,966",54.4,53,55.8,"2,913",%,Crude Prevalence,,,BRFSS,CLASS01,Topic03,12,BO1,CAT1,DRNKANY5,RESP046,"(28.932040377000476, -81.92896053899966)"
2014,GA,Georgia,Alcohol Consumption,Alcohol Consumption,Adults who have had at least one drink of alcohol within the past 30 days,Yes,Overall,Overall,"2,589",48.1,46.4,49.9,"2,909",%,Crude Prevalence,,,BRFSS,CLASS01,Topic03,13,BO1,CAT1,DRNKANY5,RESP046,"(32.83968109300048, -83.62758034599966)"
2014,HI,Hawaii,Alcohol Consumption,Alcohol Consumption,Adults who have had at least one drink of alcohol within the past 30 days,Yes,Overall,Overall,"3,533",51,49.3,52.7,"2,912",%,Crude Prevalence,,,BRFSS,CLASS01,Topic03,15,BO1,CAT1,DRNKANY5,RESP046,"(21.304850435000446, -157.85774940299973)"
2014,ID,Idaho,Alcohol Consumption,Alcohol Consumption,Adults who have had at least one drink of alcohol within the past 30 days,Yes,Overall,Overall,"2,307",48.5,46.6,50.5,"2,888",%,Crude Prevalence,,,BRFSS,CLASS01,Topic03,16,BO1,CAT1,DRNKANY5,RESP046,"(43.682630005000476, -114.3637300419997)"
2014,IL,Illinois,Alcohol Consumption,Alcohol Consumption,Adults who have had at least one drink of alcohol within the past 30 days,Yes,Overall,Overall,"2,818",57.2,55.4,59.1,"2,903",%,Crude Prevalence,,,BRFSS,CLASS01,Topic03,17,BO1,CAT1,DRNKANY5,RESP046,"(40.48501028300046, -88.99771017799969)"
2014,IN,Indiana,Alcohol Consumption,Alcohol Consumption,Adults who have had at least one drink of alcohol within the past 30 days,Yes,Overall,Overall,"4,877",47.9,46.6,49.1,"2,910",%,Crude Prevalence,,,BRFSS,CLASS01,Topic03,18,BO1,CAT1,DRNKANY5,RESP046,"(39.766910452000445, -86.14996019399968)"
2014,IA,Iowa,Alcohol Consumption,Alcohol Consumption,Adults who have had at least one drink of alcohol within the past 30 days,Yes,Overall,Overall,"4,205",58.7,57.3,60.2,"2,908",%,Crude Prevalence,,,BRFSS,CLASS01,Topic03,19,BO1,CAT1,DRNKANY5,RESP046,"(42.46940091300047, -93.81649055599968)"
2014,KS,Kansas,Alcohol Consumption,Alcohol Consumption,Adults who have had at least one drink of alcohol within the past 30 days,Yes,Overall,Overall,"6,447",51.5,50.4,52.5,"2,916",%,Crude Prevalence,,,BRFSS,CLASS01,Topic03,20,BO1,CAT1,DRNKANY5,RESP046,"(38.34774030000045, -98.20078122699965)"
2014,KY,Kentucky,Alcohol Consumption,Alcohol Consumption,Adults who have had at least one drink of alcohol within the past 30 days,Yes,Overall,Overall,"3,094",37.2,35.6,38.7,"2,911",%,Crude Prevalence,,,BRFSS,CLASS01,Topic03,21,BO1,CAT1,DRNKANY5,RESP046,"(37.645970271000465, -84.77497104799966)"
2014,LA,Louisiana,Alcohol Consumption,Alcohol Consumption,Adults who have had at least one drink of alcohol within the past 30 days,Yes,Overall,Overall,"2,960",49.4,47.9,51,"2,911",%,Crude Prevalence,,,BRFSS,CLASS01,Topic03,22,BO1,CAT1,DRNKANY5,RESP046,"(31.31266064400046, -92.44568007099969)"
2014,ME,Maine,Alcohol Consumption,Alcohol Consumption,Adults who have had at least one drink of alcohol within the past 30 days,Yes,Overall,Overall,"5,010",59.2,57.8,60.6,"2,897",%,Crude Prevalence,,,BRFSS,CLASS01,Topic03,23,BO1,CAT1,DRNKANY5,RESP046,"(45.254228894000505, -68.98503133599962)"
2014,MD,Maryland,Alcohol Consumption,Alcohol Consumption,Adults who have had at least one drink of alcohol within the past 30 days,Yes,Overall,Overall,"6,217",53.3,51.6,54.9,"2,915",%,Crude Prevalence,,,BRFSS,CLASS01,Topic03,24,BO1,CAT1,DRNKANY5,RESP046,"(39.29058096400047, -76.60926011099963)"
2014,MA,Massachusetts,Alcohol Consumption,Alcohol Consumption,Adults who have had at least one drink of alcohol within the past 30 days,Yes,Overall,Overall,"8,671",61.9,60.6,63.2,"2,914",%,Crude Prevalence,,,BRFSS,CLASS01,Topic03,25,BO1,CAT1,DRNKANY5,RESP046,"(42.27687047000046, -72.08269067499964)"
2014,MI,Michigan,Alcohol Consumption,Alcohol Consumption,Adults who have had at least one drink of alcohol within the past 30 days,Yes,Overall,Overall,"4,588",57,55.6,58.3,"2,917",%,Crude Prevalence,,,BRFSS,CLASS01,Topic03,26,BO1,CAT1,DRNKANY5,RESP046,"(44.6613195430005, -84.71439026999968)"
2014,MN,Minnesota,Alcohol Consumption,Alcohol Consumption,Adults who have had at least one drink of alcohol within the past 30 days,Yes,Overall,Overall,"9,796",61.7,60.8,62.7,"2,918",%,Crude Prevalence,,,BRFSS,CLASS01,Topic03,27,BO1,CAT1,DRNKANY5,RESP046,"(46.35564873600049, -94.79420050299967)"
2014,MS,Mississippi,Alcohol Consumption,Alcohol Consumption,Adults who have had at least one drink of alcohol within the past 30 days,Yes,Overall,Overall,"1,303",38.8,36.7,41,"2,878",%,Crude Prevalence,,,BRFSS,CLASS01,Topic03,28,BO1,CAT1,DRNKANY5,RESP046,"(32.745510099000455, -89.53803082499968)"
2014,MO,Missouri,Alcohol Consumption,Alcohol Consumption,Adults who have had at least one drink of alcohol within the past 30 days,Yes,Overall,Overall,"2,757",45.5,43.8,47.3,"2,910",%,Crude Prevalence,,,BRFSS,CLASS01,Topic03,29,BO1,CAT1,DRNKANY5,RESP046,"(38.635790776000476, -92.56630005299968)"
2014,MT,Montana,Alcohol Consumption,Alcohol Consumption,Adults who have had at least one drink of alcohol within the past 30 days,Yes,Overall,Overall,"3,920",59.6,57.9,61.2,"2,894",%,Crude Prevalence,,,BRFSS,CLASS01,Topic03,30,BO1,CAT1,DRNKANY5,RESP046,"(47.06652897200047, -109.42442064499971)"
2014,NE,Nebraska,Alcohol Consumption,Alcohol Consumption,Adults who have had at least one drink of alcohol within the past 30 days,Yes,Overall,Overall,"12,053",59.2,58.2,60.3,"2,916",%,Crude Prevalence,,,BRFSS,CLASS01,Topic03,31,BO1,CAT1,DRNKANY5,RESP046,"(41.6410409880005, -99.36572062299967)"
2014,NV,Nevada,Alcohol Consumption,Alcohol Consumption,Adults who have had at least one drink of alcohol within the past 30 days,Yes,Overall,Overall,"1,945",50.6,48,53.2,"2,904",%,Crude Prevalence,,,BRFSS,CLASS01,Topic03,32,BO1,CAT1,DRNKANY5,RESP046,"(39.493240390000494, -117.07184056399967)"
2014,NH,New Hampshire,Alcohol Consumption,Alcohol Consumption,Adults who have had at least one drink of alcohol within the past 30 days,Yes,Overall,Overall,"3,492",62.5,60.7,64.3,"2,887",%,Crude Prevalence,,,BRFSS,CLASS01,Topic03,33,BO1,CAT1,DRNKANY5,RESP046,"(43.65595011300047, -71.50036091999965)"
2014,NJ,New Jersey,Alcohol Consumption,Alcohol Consumption,Adults who have had at least one drink of alcohol within the past 30 days,Yes,Overall,Overall,"6,911",56.3,54.9,57.7,"2,913",%,Crude Prevalence,,,BRFSS,CLASS01,Topic03,34,BO1,CAT1,DRNKANY5,RESP046,"(40.13057004800049, -74.27369128799967)"
2014,NM,New Mexico,Alcohol Consumption,Alcohol Consumption,Adults who have had at least one drink of alcohol within the past 30 days,Yes,Overall,Overall,"3,730",47.8,46.1,49.4,"2,905",%,Crude Prevalence,,,BRFSS,CLASS01,Topic03,35,BO1,CAT1,DRNKANY5,RESP046,"(34.52088095200048, -106.24058098499967)"
2014,NY,New York,Alcohol Consumption,Alcohol Consumption,Adults who have had at least one drink of alcohol within the past 30 days,Yes,Overall,Overall,"3,548",54.5,52.9,56.1,"2,906",%,Crude Prevalence,,,BRFSS,CLASS01,Topic03,36,BO1,CAT1,DRNKANY5,RESP046,"(42.82700103200045, -75.54397042699964)"
2014,NC,North Carolina,Alcohol Consumption,Alcohol Consumption,Adults who have had at least one drink of alcohol within the past 30 days,Yes,Overall,Overall,"2,991",46.2,44.7,47.6,"2,911",%,Crude Prevalence,,,BRFSS,CLASS01,Topic03,37,BO1,CAT1,DRNKANY5,RESP046,"(35.466220975000454, -79.15925046299964)"
2014,ND,North Dakota,Alcohol Consumption,Alcohol Consumption,Adults who have had at least one drink of alcohol within the past 30 days,Yes,Overall,Overall,"4,264",61.2,59.4,63,"2,869",%,Crude Prevalence,,,BRFSS,CLASS01,Topic03,38,BO1,CAT1,DRNKANY5,RESP046,"(47.47531977900047, -100.11842104899966)"
2014,OH,Ohio,Alcohol Consumption,Alcohol Consumption,Adults who have had at least one drink of alcohol within the past 30 days,Yes,Overall,Overall,"4,906",53.1,51.6,54.6,"2,913",%,Crude Prevalence,,,BRFSS,CLASS01,Topic03,39,BO1,CAT1,DRNKANY5,RESP046,"(40.06021014100048, -82.40426005599966)"
2014,OK,Oklahoma,Alcohol Consumption,Alcohol Consumption,Adults who have had at least one drink of alcohol within the past 30 days,Yes,Overall,Overall,"3,016",41.7,40.3,43.1,"2,915",%,Crude Prevalence,,,BRFSS,CLASS01,Topic03,40,BO1,CAT1,DRNKANY5,RESP046,"(35.47203135600046, -97.52107021399968)"
2014,OR,Oregon,Alcohol Consumption,Alcohol Consumption,Adults who have had at least one drink of alcohol within the past 30 days,Yes,Overall,Overall,"2,925",59,57.2,60.9,"2,902",%,Crude Prevalence,,,BRFSS,CLASS01,Topic03,41,BO1,CAT1,DRNKANY5,RESP046,"(44.56744942400047, -120.15503132599969)"
2014,PA,Pennsylvania,Alcohol Consumption,Alcohol Consumption,Adults who have had at least one drink of alcohol within the past 30 days,Yes,Overall,Overall,"5,413",54.6,53.2,56,"2,910",%,Crude Prevalence,,,BRFSS,CLASS01,Topic03,42,BO1,CAT1,DRNKANY5,RESP046,"(40.79373015200048, -77.86070029399963)"
2014,RI,Rhode Island,Alcohol Consumption,Alcohol Consumption,Adults who have had at least one drink of alcohol within the past 30 days,Yes,Overall,Overall,"3,745",63.2,61.5,65,"2,899",%,Crude Prevalence,,,BRFSS,CLASS01,Topic03,44,BO1,CAT1,DRNKANY5,RESP046,"(41.70828019300046, -71.52247031399963)"
2014,SC,South Carolina,Alcohol Consumption,Alcohol Consumption,Adults who have had at least one drink of alcohol within the past 30 days,Yes,Overall,Overall,"4,647",47.3,46,48.6,"2,917",%,Crude Prevalence,,,BRFSS,CLASS01,Topic03,45,BO1,CAT1,DRNKANY5,RESP046,"(33.998821303000454, -81.04537120699968)"
2014,SD,South Dakota,Alcohol Consumption,Alcohol Consumption,Adults who have had at least one drink of alcohol within the past 30 days,Yes,Overall,Overall,"3,796",55.6,53.5,57.7,"2,900",%,Crude Prevalence,,,BRFSS,CLASS01,Topic03,46,BO1,CAT1,DRNKANY5,RESP046,"(44.353130053000484, -100.3735306369997)"
2014,TN,Tennessee,Alcohol Consumption,Alcohol Consumption,Adults who have had at least one drink of alcohol within the past 30 days,Yes,Overall,Overall,"1,670",40.5,38.5,42.6,"2,899",%,Crude Prevalence,,,BRFSS,CLASS01,Topic03,47,BO1,CAT1,DRNKANY5,RESP046,"(35.68094058000048, -85.77449091399967)"
2014,TX,Texas,Alcohol Consumption,Alcohol Consumption,Adults who have had at least one drink of alcohol within the past 30 days,Yes,Overall,Overall,"6,735",48,46.6,49.4,"2,915",%,Crude Prevalence,,,BRFSS,CLASS01,Topic03,48,BO1,CAT1,DRNKANY5,RESP046,"(31.827240407000488, -99.42677020599967)"
2014,UT,Utah,Alcohol Consumption,Alcohol Consumption,Adults who have had at least one drink of alcohol within the past 30 days,Yes,Overall,Overall,"4,030",29.8,28.9,30.7,"2,915",%,Crude Prevalence,,,BRFSS,CLASS01,Topic03,49,BO1,CAT1,DRNKANY5,RESP046,"(39.360700171000474, -111.58713063499971)"
2014,VT,Vermont,Alcohol Consumption,Alcohol Consumption,Adults who have had at least one drink of alcohol within the past 30 days,Yes,Overall,Overall,"3,955",64.3,62.8,65.8,"2,873",%,Crude Prevalence,,,BRFSS,CLASS01,Topic03,50,BO1,CAT1,DRNKANY5,RESP046,"(43.62538123900049, -72.51764079099962)"
2014,VA,Virginia,Alcohol Consumption,Alcohol Consumption,Adults who have had at least one drink of alcohol within the past 30 days,Yes,Overall,Overall,"4,491",51.7,50.3,53.1,"2,912",%,Crude Prevalence,,,BRFSS,CLASS01,Topic03,51,BO1,CAT1,DRNKANY5,RESP046,"(37.54268067400045, -78.45789046299967)"
2014,WA,Washington,Alcohol Consumption,Alcohol Consumption,Adults who have had at least one drink of alcohol within the past 30 days,Yes,Overall,Overall,"5,824",59.5,58.1,60.8,"2,914",%,Crude Prevalence,,,BRFSS,CLASS01,Topic03,53,BO1,CAT1,DRNKANY5,RESP046,"(47.52227862900048, -120.47001078999972)"
2014,WV,West Virginia,Alcohol Consumption,Alcohol Consumption,Adults who have had at least one drink of alcohol within the past 30 days,Yes,Overall,Overall,"1,905",32.7,31.3,34.2,"2,893",%,Crude Prevalence,,,BRFSS,CLASS01,Topic03,54,BO1,CAT1,DRNKANY5,RESP046,"(38.66551020200046, -80.71264013499967)"
2014,WI,Wisconsin,Alcohol Consumption,Alcohol Consumption,Adults who have had at least one drink of alcohol within the past 30 days,Yes,Overall,Overall,"4,229",63.1,61.4,64.8,"2,903",%,Crude Prevalence,,,BRFSS,CLASS01,Topic03,55,BO1,CAT1,DRNKANY5,RESP046,"(44.39319117400049, -89.81637074199966)"
2014,WY,Wyoming,Alcohol Consumption,Alcohol Consumption,Adults who have had at least one drink of alcohol within the past 30 days,Yes,Overall,Overall,"2,832",51.7,49.5,53.9,"2,901",%,Crude Prevalence,,,BRFSS,CLASS01,Topic03,56,BO1,CAT1,DRNKANY5,RESP046,"(43.23554134300048, -108.10983035299967)"
2014,GU,Guam,Alcohol Consumption,Alcohol Consumption,Adults who have had at least one drink of alcohol within the past 30 days,Yes,Overall,Overall,"1,055",46.5,43.6,49.3,"2,877",%,Crude Prevalence,,,BRFSS,CLASS01,Topic03,66,BO1,CAT1,DRNKANY5,RESP046,"(13.444304, 144.793731)"
2014,PR,Puerto Rico,Alcohol Consumption,Alcohol Consumption,Adults who have had at least one drink of alcohol within the past 30 days,Yes,Overall,Overall,"1,467",29.3,27.7,30.8,"2,709",%,Crude Prevalence,,,BRFSS,CLASS01,Topic03,72,BO1,CAT1,DRNKANY5,RESP046,"(18.220833, -66.590149)"
2014,UW,All States and DC (median) **,Alcohol Consumption,Alcohol Consumption,Adults who have had at least one drink of alcohol within the past 30 days,Yes,Overall,Overall,51,53.3,,,"2,894",%,Crude Prevalence,,,BRFSS,CLASS01,Topic03,98,BO1,CAT1,DRNKANY5,RESP046,
2014,US,"All States, DC and Territories (median) **",Alcohol Consumption,Alcohol Consumption,Adults who have had at least one drink of alcohol within the past 30 days,Yes,Overall,Overall,53,53.1,,,"2,895",%,Crude Prevalence,,,BRFSS,CLASS01,Topic03,99,BO1,CAT1,DRNKANY5,RESP046,
